{
  "z2_good": -0.15841131092405275,
  "z2_bad": -0.19160804425070926,
  "z2_std": 0.025723110949153555,
  "created_at": "2026-06-09T07:51:24.419467+00:00"
}